Komnr,2010,2011,2012,2013,2014,2015,2016,2017,2018,2019,2020
0002,0.265,0.263,0.261,0.268,0.271,0.273,0.286,0.298,0.309,0.333,0.35
0301,0.486,0.481,0.38,0.372,0.38,0.427,0.449,0.447,0.457,0.486,0.49
1101,0.2,0.22,0.198,0.225,0.226,0.228,0.209,0.213,0.205,0.229,0.234
1103,0.417,0.353,0.362,0.38,0.374,0.363,0.345,0.35,0.36,0.379,0.378
1106,0.208,0.239,0.233,0.257,0.258,0.271,0.256,0.271,0.362,0.369,0.384
1108,0.246,0.265,0.271,0.273,0.284,0.291,0.287,0.307,0.32,0.332,0.358
1111,0.193,0.169,0.236,0.241,0.323,0.329,0.246,0.27,0.231,0.245,0.286
1112,0.145,0.196,0.268,0.293,0.279,0.289,0.227,0.256,0.209,0.22,0.205
1114,,,,,0.375,,,,0.333,0.207,0.163
1119,0.288,0.27,0.315,0.265,0.289,0.288,0.284,0.259,0.264,0.287,0.319
1120,0.251,0.255,0.332,0.342,0.308,0.301,0.35,0.322,0.33,0.333,0.314
1121,0.187,0.271,0.229,0.253,0.214,0.206,0.231,0.227,0.28,0.34,0.317
1122,0.19,0.208,0.233,0.206,0.226,0.273,0.349,0.345,0.422,0.438,0.475
1124,0.319,0.339,0.335,0.349,0.375,0.333,0.334,0.318,0.334,0.391,0.407
1127,0.207,0.217,0.224,0.249,0.217,0.264,0.259,0.285,0.297,0.346,0.339
1130,0.15,0.135,0.151,0.138,0.132,0.14,0.123,0.139,0.147,0.191,0.189
1133,,,0.19,,0.344,0.258,0.265,0.296,0.257,0.265,0.387
1134,0.109,0.118,0.167,0.159,0.167,0.2,0.178,0.197,0.214,0.236,0.256
1135,0.176,0.166,0.208,0.238,0.18,0.184,0.222,0.241,0.335,0.387,0.435
1144,,,,,,,,,,,
1145,,,,,,,,,,0.304,
1146,0.29,0.286,0.248,0.278,0.25,0.232,0.259,0.24,0.231,0.338,0.367
1149,0.146,0.136,0.165,0.157,0.158,0.158,0.168,0.171,0.221,0.242,0.304
1151,,,,,,,,,,,
1160,0.119,0.127,0.153,0.134,0.13,0.169,0.244,0.243,0.287,0.265,0.315
1505,0.292,0.296,0.305,0.319,0.292,0.277,0.326,0.369,0.365,0.376,0.426
1506,0.31,0.292,0.3,0.285,0.349,0.332,0.363,0.369,0.364,0.375,0.37
1507,0.236,0.241,0.255,0.253,0.265,0.249,0.256,0.272,0.272,0.323,0.361
1511,0.167,0.178,0.167,0.231,0.235,0.224,0.325,0.338,0.358,0.348,0.366
1514,0.243,0.219,0.216,0.25,0.239,0.324,0.271,0.318,0.4,0.552,0.603
1515,0.125,0.183,0.186,0.188,0.194,0.179,0.204,0.226,0.19,0.226,0.223
1516,0.118,0.121,0.175,0.18,0.168,0.202,0.199,0.276,0.307,0.371,0.404
1517,0.194,0.186,0.185,0.176,0.237,0.208,0.202,0.242,0.219,0.256,0.247
1520,0.183,0.233,0.205,0.257,0.233,0.222,0.251,0.276,0.29,0.319,0.313
1525,0.225,0.284,0.295,0.293,0.333,0.363,0.424,0.416,0.446,0.442,0.461
1528,0.19,0.171,0.192,0.208,0.245,0.243,0.227,0.237,0.207,0.219,0.274
1531,,,0.183,0.171,0.175,0.18,0.18,0.17,0.156,0.183,0.195
1532,0.157,0.177,0.175,0.133,0.167,0.179,0.162,0.199,0.198,0.228,0.24
1535,0.217,0.256,0.277,0.269,0.274,0.247,0.238,0.241,0.3,0.286,0.391
1539,0.216,0.213,0.198,0.269,0.305,0.32,0.393,0.401,0.374,0.384,0.395
1547,0.083,0.253,0.161,0.224,0.405,0.25,0.361,0.371,0.432,0.438,0.484
1554,0.203,0.197,0.181,0.179,0.189,0.22,0.191,0.193,0.182,0.266,0.239
1557,0.258,0.257,0.219,0.232,0.261,0.267,0.278,0.288,0.343,0.286,0.389
1560,0.123,0.182,0.14,0.163,0.161,0.07,0.19,0.211,0.186,0.264,0.278
1563,0.252,0.274,0.292,0.29,0.254,0.245,0.178,0.24,0.322,0.31,0.358
1566,0.266,0.246,0.25,0.262,0.291,0.144,0.256,0.243,0.287,0.362,0.343
1567,0.171,0.261,0.255,0.28,0.311,0.149,0.226,0.254,0.281,,
1573,0.283,0.217,0.196,0.277,0.231,0.24,0.12,0.208,0.292,0.314,0.182
1576,0.239,0.233,0.202,0.207,0.175,0.187,0.212,0.217,0.232,0.222,0.237
1577,0.186,0.195,0.237,0.237,0.272,0.211,0.222,0.227,0.234,0.227,0.218
1578,0.286,0.28,0.26,0.25,0.235,0.167,0.224,0.219,0.202,0.241,0.256
1579,0.241,0.252,0.254,0.256,0.259,0.246,0.301,0.309,0.31,0.33,0.33
1804,0.277,0.274,0.281,0.288,0.304,0.296,0.338,0.365,0.407,0.411,0.424
1806,0.32,0.345,0.372,0.35,0.368,0.379,0.404,0.402,0.404,0.436,0.425
1811,0.298,0.25,0.276,0.308,0.34,0.345,0.378,0.32,0.373,0.392,0.479
1812,0.333,0.296,0.267,0.273,0.257,0.357,0.276,0.371,0.4,0.415,0.425
1813,0.214,0.23,0.248,0.228,0.257,0.226,0.234,0.251,0.268,0.33,0.338
1815,0.172,0.324,,0.087,,,,,,,
1816,,,,,,,,,,,
1818,0.143,0.2,0.15,0.19,0.209,0.282,0.241,0.25,0.224,0.245,0.298
1820,0.226,0.226,0.193,0.209,0.232,0.25,0.289,0.407,0.566,0.628,0.645
1822,0.25,0.195,0.256,0.222,0.237,0.25,0.226,0.2,0.268,0.326,0.292
1824,0.266,0.299,0.349,0.335,0.241,0.275,0.325,0.242,0.246,0.342,0.361
1825,0.355,0.424,0.433,0.371,0.273,0.394,0.325,0.35,0.293,0.275,0.233
1826,0.255,0.173,0.25,0.245,0.216,0.22,0.222,0.214,0.244,0.375,0.313
1827,0.303,0.222,0.385,0.219,0.308,0.278,0.41,0.441,0.344,0.364,0.389
1828,0.372,0.442,0.478,0.267,0.288,0.238,0.236,0.247,0.259,0.36,0.434
1832,0.195,0.218,0.206,0.275,0.231,0.268,0.26,0.246,0.252,0.266,0.279
1833,0.327,0.309,0.326,0.343,0.336,0.279,0.3,0.357,0.349,0.38,0.395
1834,,0.173,0.138,0.133,0.148,0.193,0.153,0.23,0.208,0.254,0.238
1835,,,,,,,,,,,
1836,0.25,0.227,0.238,0.15,,,0.2,0.214,0.174,0.2,0.333
1837,0.307,0.35,,,0.386,0.383,0.359,0.387,0.393,0.424,0.483
1838,0.261,0.209,0.25,0.356,0.267,0.294,0.275,0.32,0.327,0.377,0.486
1839,0.357,0.333,0.417,0.45,,0.265,0.258,0.41,0.486,0.432,0.35
1840,0.17,0.176,0.189,0.187,0.161,0.216,0.205,0.197,0.222,0.283,0.321
1841,0.311,0.311,0.289,0.333,0.286,0.305,0.316,0.34,0.319,0.385,0.343
1845,0.212,0.214,0.265,0.275,0.182,0.17,0.25,0.25,0.256,0.367,0.412
1848,0.344,0.375,0.364,0.333,0.212,0.395,0.385,0.325,0.439,0.357,0.367
1851,0.243,0.244,0.283,0.282,0.304,0.306,0.276,0.329,0.371,0.326,0.364
1853,0.27,0.366,0.35,0.357,0.385,0.25,0.25,0.286,0.27,0.34,0.356
1856,,,,,,,,,,,
1857,,,,,,,,,,,
1859,0.325,0.286,0.226,0.219,0.179,0.22,0.308,0.282,0.256,0.385,0.436
1860,0.232,0.237,0.242,0.271,0.27,0.238,0.224,0.261,0.243,0.272,0.324
1865,0.283,0.26,0.246,0.268,0.299,0.251,0.284,0.308,0.293,0.287,0.292
1866,0.329,0.282,0.287,0.31,0.298,0.302,0.29,0.367,0.335,0.346,0.373
1867,0.235,0.212,0.217,0.225,0.224,0.25,0.273,0.263,0.215,0.354,0.433
1868,0.182,0.162,0.14,0.157,0.165,0.128,0.167,0.183,0.177,0.21,0.206
1870,0.267,0.231,0.283,0.274,0.354,0.257,0.257,0.287,0.292,0.289,0.29
1871,0.291,0.267,0.262,0.262,0.243,0.261,0.252,0.237,0.231,0.255,0.26
1874,0.211,0.174,0.2,0.12,0.24,0.08,0.107,0.2,0.333,0.174,0.24
1875,0.341,0.302,0.306,0.362,0.241,0.288,0.415,0.487,0.432,0.559,0.564
3001,0.116,0.127,0.158,0.139,0.141,0.145,0.143,0.149,0.159,0.172,0.163
3002,0.242,0.25,0.255,0.27,0.263,0.239,0.281,0.294,0.329,0.326,0.329
3003,0.186,0.193,0.212,0.22,0.251,0.266,0.285,0.305,0.307,0.326,0.363
3004,0.19,0.198,0.184,0.256,0.254,0.264,0.301,0.339,0.35,0.373,0.419
3005,0.459,0.418,0.335,0.352,0.341,0.342,0.306,0.291,0.33,0.382,0.421
3006,0.18,0.182,0.215,0.202,0.237,0.235,0.237,0.241,0.246,0.267,0.296
3007,0.229,0.253,0.244,0.255,0.222,0.232,0.231,0.245,0.254,0.286,0.314
3011,0.284,0.232,0.202,0.217,0.342,0.293,0.321,0.292,0.306,0.36,0.404
3012,0.074,0.069,0.048,,0.043,,,,0.269,0.267,0.256
3013,0.118,0.1,0.137,0.205,0.208,0.173,0.22,0.229,0.2,0.19,0.186
3014,0.179,0.195,0.2,0.189,0.199,0.198,0.212,0.215,0.233,0.245,0.251
3015,0.145,0.095,0.151,0.155,0.155,0.136,0.15,0.158,0.209,0.216,0.218
3016,0.065,0.076,0.117,0.111,0.143,0.119,0.159,0.179,0.164,0.198,0.208
3017,0.196,0.219,0.27,0.264,0.229,0.23,0.267,0.288,0.29,0.348,0.346
3018,0.154,0.143,0.175,0.301,0.171,0.212,0.218,0.243,0.282,0.33,0.345
3019,0.234,0.263,0.31,0.3,0.325,0.333,0.322,0.365,0.342,0.364,0.347
3020,0.306,0.318,0.318,0.334,0.298,0.315,0.348,0.385,0.382,0.43,0.47
3021,0.326,0.327,0.359,0.368,0.378,0.308,0.324,0.297,0.275,0.32,0.326
3022,0.328,0.282,0.313,0.291,0.289,0.281,0.337,0.358,0.341,0.368,0.344
3023,0.37,0.35,0.401,0.386,0.367,0.414,0.399,0.443,0.452,0.468,0.492
3024,0.476,0.411,0.402,0.458,0.366,0.365,0.374,0.378,0.389,0.406,0.416
3025,0.29,0.292,0.305,0.303,0.343,0.337,0.335,0.35,0.364,0.409,0.419
3026,0.201,0.187,0.168,0.168,0.182,0.184,0.228,0.274,0.262,0.287,0.258
3027,0.328,0.333,0.35,0.333,0.371,0.391,0.419,0.431,0.417,0.431,0.448
3028,0.279,0.308,0.287,0.235,0.233,0.226,0.25,0.295,0.354,0.404,0.413
3029,0.415,0.389,0.461,0.465,0.444,0.429,0.429,0.449,0.441,0.468,0.553
3030,0.284,0.288,0.299,0.324,0.304,0.339,0.331,0.346,0.362,0.4,0.417
3031,0.38,0.344,0.344,0.404,0.397,0.339,0.366,0.383,0.41,0.413,0.408
3032,,,,0.243,0.228,0.281,0.277,0.311,0.254,0.296,0.27
3033,0.269,0.289,0.307,0.272,0.273,0.277,0.312,0.314,0.354,0.386,0.419
3034,0.204,0.214,0.247,0.249,0.279,0.273,0.269,0.282,0.258,0.294,0.286
3035,0.313,0.32,0.299,0.247,0.242,0.255,0.26,0.282,0.264,0.319,0.366
3036,0.238,0.238,0.255,0.243,0.175,0.207,0.24,0.225,0.268,0.296,0.255
3037,0.081,0.073,0.13,0.123,0.085,0.089,0.196,0.189,0.25,0.237,0.271
3038,0.15,0.16,0.189,0.258,0.255,0.219,0.227,0.248,0.274,0.346,0.354
3039,0.273,0.25,0.192,0.214,0.182,0.229,0.286,0.3,0.357,0.4,0.538
3040,0.2,0.213,0.147,0.137,0.108,0.225,0.255,0.248,0.259,0.316,0.333
3041,0.173,0.189,0.229,0.187,0.219,0.237,0.228,0.28,0.298,0.319,0.343
3042,0.083,0.043,0.214,0.222,0.133,0.111,0.426,0.391,0.306,0.352,0.262
3043,0.175,0.129,0.159,0.146,0.23,0.22,0.165,0.217,0.218,0.288,0.277
3044,0.264,0.259,0.253,0.339,0.327,0.245,0.225,0.242,0.239,0.261,0.322
3045,0.171,0.158,0.21,0.218,0.205,0.159,0.212,0.253,0.241,0.304,0.32
3046,,,0.324,0.364,0.474,0.432,0.366,0.366,0.415,0.341,0.333
3047,0.168,0.2,0.194,0.221,0.206,0.208,0.246,0.279,0.317,0.321,0.349
3048,0.206,0.241,0.219,0.199,0.224,0.256,0.294,0.304,0.354,0.364,0.383
3049,0.213,0.209,0.191,0.258,0.285,0.333,0.321,0.365,0.339,0.404,0.426
3050,0.118,0.152,0.061,0.051,0.094,0.092,0.083,0.079,0.092,0.121,0.131
3051,0.071,0.059,0.05,0.053,0.037,0.04,0.148,0.08,0.115,0.138,0.234
3052,0.133,0.089,0.095,0.17,0.264,0.25,0.292,0.338,0.317,0.373,0.486
3053,0.209,0.216,0.212,0.206,0.26,0.258,0.264,0.319,0.326,0.342,0.373
3054,0.25,0.258,0.287,0.301,0.273,0.291,0.313,0.337,0.316,0.328,0.333
3401,0.257,0.259,0.222,0.234,0.243,0.229,0.251,0.271,0.3,0.318,0.384
3403,0.203,0.181,0.183,0.201,0.172,0.182,0.203,0.22,0.254,0.308,0.345
3405,0.22,0.221,0.257,0.245,0.243,0.234,0.23,0.246,0.271,0.294,0.302
3407,0.269,0.269,0.278,0.31,0.289,0.27,0.25,0.256,0.293,0.305,0.317
3411,0.209,0.205,0.22,0.23,0.238,0.25,0.239,0.213,0.275,0.319,0.378
3412,0.163,0.193,0.198,0.261,0.197,0.235,0.254,0.281,0.274,0.301,0.34
3413,0.22,0.232,0.232,0.244,0.278,0.306,0.274,0.3,0.349,0.431,0.499
3414,0.317,0.259,0.292,0.281,0.245,0.239,0.238,0.257,0.29,0.273,0.295
3415,0.234,0.207,0.187,0.203,0.201,0.204,0.217,0.28,0.278,0.28,0.301
3416,0.268,0.219,0.215,0.28,0.278,0.245,0.276,0.269,0.288,0.276,0.282
3417,0.29,0.312,0.281,0.251,0.236,0.289,0.225,0.272,0.184,0.263,0.287
3418,0.184,0.214,0.213,0.232,0.218,0.228,0.246,0.241,0.307,0.266,0.318
3419,0.109,0.093,0.124,0.151,0.122,0.115,0.125,0.145,0.149,0.171,0.232
3420,0.221,0.204,0.224,0.263,0.288,0.27,0.267,0.295,0.287,0.261,0.264
3421,0.236,0.213,0.244,0.242,0.209,0.31,0.324,0.357,0.391,0.376,0.379
3422,0.277,0.25,0.264,0.206,0.214,0.275,0.294,0.25,0.212,0.25,0.303
3423,0.263,0.193,0.255,0.219,0.317,0.269,0.38,0.39,0.368,0.411,0.426
3424,0.266,0.25,0.241,0.261,0.362,0.37,0.4,0.31,0.244,0.273,0.233
3425,,,0.148,0.172,0.129,0.207,0.132,0.125,0.214,0.217,0.368
3426,0.182,0.211,0.25,0.136,0.083,0.136,0.136,0.136,0.217,0.217,0.16
3427,0.179,0.187,0.166,0.167,0.125,0.181,0.199,0.208,0.186,0.214,0.228
3428,0.238,0.244,0.275,0.295,0.167,0.359,0.313,0.291,0.275,0.295,0.263
3429,0.25,0.2,0.265,0.267,0.2,0.256,0.286,0.214,0.256,0.31,0.283
3430,0.292,0.341,0.283,0.333,0.345,0.265,0.28,0.277,0.327,,0.329
3431,0.318,0.333,0.294,0.343,0.318,0.204,0.224,0.217,0.233,0.323,0.306
3432,0.109,0.088,0.119,0.155,0.088,0.069,0.07,0.075,0.075,0.063,0.121
3433,0.14,0.204,0.204,0.167,0.152,0.19,0.213,0.221,0.246,0.258,0.293
3434,0.18,0.173,0.222,0.245,0.18,0.245,0.212,0.161,0.167,0.117,0.123
3435,0.195,0.193,0.2,0.225,0.284,0.276,0.27,0.244,0.268,0.198,0.176
3436,0.225,0.184,0.361,0.367,0.388,0.253,0.193,0.24,0.245,0.252,0.263
3437,0.23,0.224,0.221,0.223,0.186,0.205,0.184,0.187,0.186,0.183,0.216
3438,0.183,0.174,0.217,0.183,0.222,0.247,0.229,0.23,0.227,0.217,0.246
3439,0.183,0.145,0.138,0.164,0.16,0.19,0.215,0.185,0.163,0.191,0.16
3440,0.222,,0.202,0.165,0.189,0.128,0.147,0.168,0.171,0.26,0.296
3441,,0.065,0.147,0.141,0.17,0.149,0.167,0.173,0.207,0.237,0.229
3442,0.166,0.206,0.189,0.341,0.215,0.213,0.23,0.239,0.279,0.259,0.229
3443,0.267,0.239,0.248,0.265,0.255,0.273,0.226,0.244,0.251,0.276,0.293
3446,0.202,0.201,0.214,0.203,0.22,0.232,0.223,0.247,0.217,0.253,0.277
3447,0.199,0.172,0.182,0.152,0.164,0.177,0.179,0.209,0.214,0.201,0.203
3448,0.22,0.214,0.207,0.158,0.208,0.193,0.178,0.185,0.181,0.25,0.241
3449,0.214,0.239,0.25,0.318,0.223,0.215,0.222,0.224,0.237,0.277,0.244
3450,0.135,0.184,0.127,0.24,0.163,0.196,0.231,0.18,0.156,0.231,0.222
3451,0.331,0.324,0.326,0.29,0.324,0.335,0.303,0.36,0.388,0.386,0.381
3452,0.282,0.22,0.186,0.21,0.264,0.215,0.175,0.21,0.217,0.25,0.281
3453,0.302,0.265,0.279,0.323,0.387,0.302,0.265,0.212,0.194,0.257,0.303
3454,0.075,0.186,0.083,0.045,0.092,0.089,0.113,0.083,0.132,0.17,0.143
3801,0.329,0.288,0.289,0.306,,0.241,0.246,0.254,0.275,0.275,0.307
3802,0.218,0.223,0.267,0.263,0.226,0.261,0.241,0.278,0.336,0.298,0.293
3803,0.186,0.191,0.189,0.208,0.229,0.218,0.226,0.255,0.234,0.27,0.272
3804,0.197,0.215,0.206,0.225,0.245,0.246,0.247,0.273,0.279,0.291,0.29
3805,0.211,0.224,0.234,0.231,0.222,0.201,0.231,0.249,0.297,0.341,0.322
3806,,0.223,0.248,0.258,0.271,0.211,0.236,0.262,0.255,0.265,0.309
3807,0.233,0.233,0.228,0.221,0.215,0.229,0.221,0.235,0.257,0.264,0.302
3808,0.254,0.241,0.259,0.272,0.267,0.245,0.27,0.31,0.3,0.296,0.298
3811,0.225,0.231,0.246,0.278,0.273,0.269,0.288,0.29,0.292,0.32,0.334
3812,0.368,0.235,0.333,0.313,0.391,0.421,,,,,
3813,0.264,0.251,0.263,0.264,0.252,0.248,0.265,0.269,0.262,0.288,0.284
3814,0.155,0.156,0.165,0.136,0.153,0.142,0.154,0.17,0.178,0.215,0.216
3815,0.102,0.1,0.131,0.131,0.154,0.15,0.155,0.143,0.151,0.156,0.14
3816,0.224,0.253,0.262,0.252,0.259,0.251,0.283,0.276,0.304,0.296,0.286
3817,0.171,0.203,0.181,0.199,0.275,0.215,0.251,0.283,0.271,0.311,0.306
3818,0.273,0.289,0.308,0.295,0.304,0.263,0.241,0.291,0.309,0.266,0.327
3819,0.171,0.179,0.159,0.186,0.171,0.167,0.184,0.194,0.205,0.229,0.351
3820,0.179,0.122,0.102,0.108,0.145,0.172,0.244,0.24,0.229,0.224,0.19
3821,0.267,0.254,0.191,0.172,0.209,0.213,0.169,0.191,0.208,0.24,0.292
3822,0.383,0.286,0.283,0.306,0.339,0.321,0.31,0.286,0.281,0.295,0.288
3823,0.158,0.167,0.143,0.098,0.12,0.156,0.229,0.156,0.189,0.143,0.25
3824,0.289,0.239,0.167,0.186,0.176,0.208,0.313,0.236,0.224,0.304,0.365
3825,0.149,0.176,0.186,0.173,0.183,0.173,0.177,0.206,0.228,0.215,0.263
4201,0.192,0.259,0.211,0.218,0.265,0.192,0.217,0.179,0.182,0.228,0.297
4202,0.146,0.157,0.161,0.153,0.163,0.172,0.167,0.211,0.234,0.278,0.298
4203,0.109,0.158,0.184,0.209,0.231,0.224,0.242,0.278,0.322,0.4,0.408
4204,0.211,0.197,0.191,0.192,0.206,0.213,0.228,0.249,0.247,0.282,0.298
4205,0.184,0.199,0.188,0.181,0.179,0.185,0.209,0.221,0.264,0.321,0.346
4206,0.193,0.204,0.217,0.231,0.291,0.281,0.252,0.281,0.281,0.303,0.366
4207,0.075,0.094,0.107,0.104,0.117,0.117,0.13,0.165,0.207,0.295,0.314
4211,0.091,0.115,0.098,0.15,0.097,0.153,0.224,0.203,0.234,0.296,0.393
4212,0.075,0.053,0.022,0.044,0.065,0.14,0.123,0.231,0.245,0.254,0.216
4213,0.203,0.184,0.197,0.192,0.23,0.228,0.303,0.296,0.273,0.371,0.363
4214,0.105,0.093,0.154,0.119,0.113,0.167,0.144,0.2,0.181,0.212,0.211
4215,0.101,0.092,0.135,0.154,0.146,0.128,0.164,0.177,0.171,0.169,0.227
4216,0.153,0.11,0.075,0.095,0.093,0.086,0.114,0.116,0.143,0.18,0.278
4217,0.296,0.29,0.273,0.286,0.267,0.231,0.298,0.273,0.375,0.296,0.404
4218,,,0.148,0.185,0.115,0.103,0.143,0.194,0.118,0.186,0.184
4219,0.244,0.21,0.238,0.218,0.241,0.338,0.296,0.257,0.301,0.313,0.296
4220,0.212,0.297,0.292,0.302,0.242,0.3,0.333,0.313,0.189,0.216,0.25
4221,,0.111,0.182,0.143,0.219,0.25,0.286,0.217,0.148,0.25,0.4
4222,,,,,,,,,,,
4223,0.15,0.142,0.148,0.165,0.192,0.22,0.227,0.257,0.257,0.311,0.328
4224,0.143,0.125,0.087,0.143,0.143,0.087,,0.1,0.208,0.167,0.36
4225,0.187,0.198,0.242,0.245,0.256,0.244,0.289,0.311,0.304,0.345,0.305
4226,0.087,0.042,0.077,0.087,0.143,0.143,0.111,0.16,0.25,0.242,0.333
4227,0.168,0.184,0.186,0.213,0.203,0.225,0.228,0.215,0.254,0.252,0.213
4228,0.286,0.265,0.297,0.306,0.25,0.222,0.308,0.234,0.3,0.241,0.222
4601,0.407,0.399,0.401,0.385,0.388,0.378,0.392,0.405,0.393,0.404,0.419
4602,0.27,0.245,0.25,0.242,0.267,0.258,0.313,0.357,0.376,0.384,0.462
4611,0.227,0.171,0.23,0.228,0.28,0.297,0.368,0.287,0.267,0.283,0.263
4612,0.196,0.245,0.29,0.345,0.316,0.32,0.353,0.297,0.318,0.333,0.375
4613,0.12,0.137,0.133,0.123,0.153,0.154,0.168,0.193,0.204,0.229,0.251
4614,0.122,0.143,0.153,0.188,0.195,0.191,0.243,0.267,0.275,0.317,0.345
4615,0.188,0.146,0.151,0.17,0.26,0.204,0.222,0.22,0.247,0.242,0.297
4616,0.171,0.164,0.235,0.184,0.197,0.151,0.149,0.147,0.176,0.185,0.205
4617,0.147,0.171,0.181,0.194,0.195,0.205,0.247,0.222,0.248,0.304,0.317
4618,0.202,0.239,0.242,0.243,0.234,0.218,0.226,0.233,0.266,0.288,0.315
4619,,,,,,,,,,,
4620,,,,0.412,,,0.345,,,,
4621,0.278,0.302,0.277,0.043,0.287,0.262,0.284,0.268,0.283,0.304,0.336
4622,0.135,0.121,0.109,0.119,0.106,0.125,0.107,0.115,0.121,0.132,0.213
4623,0.171,0.176,0.118,0.2,0.19,0.136,0.195,0.25,0.264,0.205,0.25
4624,0.166,0.166,0.163,0.139,0.138,0.125,0.176,0.206,0.199,0.237,0.268
4625,0.146,0.131,0.046,0.258,0.229,0.179,0.189,0.273,0.25,0.244,0.229
4626,0.168,0.165,0.124,0.151,0.13,0.144,0.285,0.271,0.299,0.319,0.285
4627,0.213,0.228,0.243,,0.15,0.275,0.267,0.282,0.271,0.304,0.3
4628,0.218,0.2,0.2,0.26,0.253,0.253,0.253,0.233,0.263,0.237,0.233
4629,,,,,,,,,,,
4630,0.121,0.147,0.187,0.256,0.299,0.308,0.306,0.326,0.32,0.329,0.357
4631,0.255,0.244,0.26,0.281,0.268,0.284,0.282,0.283,0.309,0.337,0.366
4632,0.075,0.127,0.131,0.14,0.105,0.115,0.136,0.145,0.121,0.153,0.136
4633,,,,,,,,,,,
4634,0.24,0.208,0.179,0.259,0.267,0.235,0.323,0.429,0.453,0.442,0.51
4635,0.124,0.139,0.152,0.15,0.207,0.24,0.227,0.203,0.23,0.244,0.261
4636,0.143,0.174,0.143,,,,,,,,
4637,0.2,0.206,0.25,0.261,0.371,0.316,0.45,0.294,0.341,0.298,0.415
4638,0.256,0.268,0.221,0.26,0.273,0.264,0.3,0.263,0.305,0.33,0.443
4639,0.329,0.338,0.333,0.329,0.329,0.307,0.367,0.393,0.413,0.395,0.452
4640,0.288,0.279,0.247,0.28,0.323,0.296,0.262,0.308,0.315,0.367,0.322
4641,0.205,0.239,0.19,0.19,0.167,0.19,0.216,0.196,0.191,0.315,0.293
4642,0.263,0.318,0.385,0.446,0.361,0.264,0.273,0.358,0.4,0.354,0.278
4643,0.238,0.278,0.287,0.224,0.224,0.264,0.289,0.295,0.322,0.305,0.423
4644,0.19,0.17,0.194,0.179,0.185,0.206,0.218,0.203,0.2,0.261,0.321
4645,0.289,0.237,0.235,0.267,0.274,0.17,0.25,0.205,0.207,0.237,0.257
4646,0.098,0.113,0.115,0.108,0.122,0.097,0.119,0.101,0.103,0.2,0.293
4647,0.282,0.264,0.252,0.259,0.291,0.298,0.301,0.252,0.27,0.298,0.295
4648,0.207,0.221,0.344,0.364,0.4,0.398,0.421,0.443,0.483,0.473,0.522
4649,0.284,0.243,0.216,0.235,0.239,0.175,0.249,0.269,0.262,0.281,0.344
4650,0.192,0.185,0.189,0.192,0.219,0.193,0.232,0.237,0.273,0.237,0.277
4651,0.123,0.117,0.159,0.109,0.13,0.135,0.137,0.148,0.173,0.189,0.201
5001,0.304,0.309,0.339,0.342,0.352,0.379,0.376,0.41,0.414,0.425,0.431
5006,0.118,0.11,0.11,0.102,0.125,0.114,0.117,0.114,0.116,0.124,0.153
5007,0.156,0.163,0.156,0.191,0.178,0.186,0.188,0.202,0.217,0.235,0.247
5014,0.137,0.139,0.17,0.19,0.182,0.196,0.189,0.27,0.299,0.283,0.26
5020,,,,0.222,,,0.154,0.12,0.105,0.167,
5021,0.146,0.134,0.141,0.138,0.139,0.142,0.179,0.17,0.17,0.169,0.197
5022,0.192,0.14,0.154,0.159,0.174,0.121,0.097,0.067,0.114,0.116,0.14
5025,0.327,0.32,0.316,0.333,0.309,0.379,0.345,0.347,0.362,0.337,0.371
5026,0.25,0.267,0.238,0.243,0.282,0.208,0.2,0.25,0.216,0.203,0.241
5027,0.137,0.099,0.115,0.114,0.14,0.161,0.177,0.185,0.237,0.242,0.207
5028,0.096,0.112,0.115,0.132,0.138,0.13,0.167,0.204,0.214,0.232,0.257
5029,0.16,0.205,0.192,0.264,0.276,0.192,0.263,0.208,0.217,0.301,0.32
5031,0.248,0.236,0.256,0.241,0.236,0.291,0.236,0.257,0.286,0.354,0.355
5032,0.239,0.243,0.385,0.275,0.25,0.28,0.306,0.341,0.337,0.341,0.33
5033,,,,,,,,,,,
5034,0.183,0.182,0.206,0.206,0.187,0.232,0.281,0.22,0.232,0.273,0.232
5035,0.147,0.177,0.204,0.198,0.193,0.211,0.216,0.223,0.266,0.306,0.307
5036,0.077,0.073,0.077,0.109,0.123,0.125,0.153,0.167,0.141,0.143,0.123
5037,0.19,0.147,0.137,0.128,0.116,0.115,0.154,0.158,0.159,0.166,0.207
5038,0.139,0.119,0.13,0.151,0.151,0.141,0.142,0.137,0.125,0.162,0.18
5041,0.233,0.26,0.229,0.231,0.235,0.19,0.196,0.303,0.247,0.274,0.284
5042,0.075,0.118,0.135,0.116,0.088,0.097,0.127,0.152,0.113,0.086,0.102
5043,,,,,,,,,,,
5044,0.458,0.481,0.423,0.182,0.345,0.421,0.368,0.25,0.257,0.25,0.333
5045,0.174,0.174,0.149,0.19,0.109,0.162,0.139,0.091,0.19,0.19,0.256
5046,0.419,0.394,0.303,0.419,0.306,0.316,0.375,0.355,0.282,0.333,0.316
5047,0.275,0.25,0.194,0.18,0.206,0.2,0.242,0.27,0.283,0.25,0.26
5049,0.267,0.241,0.296,0.308,0.333,0.269,0.273,0.261,0.25,0.348,0.3
5052,,,0.333,,,,,,,,
5053,0.087,0.096,0.096,0.073,0.138,0.156,0.157,0.154,0.171,0.195,0.227
5054,0.164,0.17,0.159,0.153,0.198,0.201,0.148,0.181,0.207,0.232,0.245
5055,0.424,0.356,0.385,0.34,0.333,0.317,0.381,0.339,0.366,0.33,0.316
5056,,0.143,0.224,0.281,0.25,0.3,0.295,0.315,0.356,0.352,0.347
5057,0.29,0.268,0.232,0.221,0.257,0.235,0.234,0.263,0.266,0.344,0.337
5058,0.165,0.116,0.135,0.112,0.11,0.125,0.144,0.156,0.218,0.211,0.22
5059,0.2,0.207,0.182,0.173,0.217,0.197,0.203,0.18,0.19,0.204,0.231
5060,0.188,0.182,0.184,0.185,0.165,0.143,0.191,0.175,0.171,0.174,0.261
5061,,,,,,,,,,0.333,0.262
5401,0.445,0.451,0.433,0.442,0.428,0.444,0.467,0.483,0.539,0.526,0.522
5402,0.331,0.343,0.323,0.303,0.324,0.276,0.343,0.364,0.328,0.361,0.421
5403,0.305,0.287,0.278,,0.3,0.35,0.359,0.381,0.432,0.486,0.544
5404,0.72,0.63,0.636,0.714,0.609,0.621,0.625,0.471,0.581,0.487,0.656
5405,0.403,0.414,0.453,0.478,0.443,0.488,0.48,0.457,0.489,0.542,0.519
5406,0.405,0.407,0.39,0.391,0.394,0.415,0.445,0.435,0.485,0.514,0.571
5411,0.391,0.394,0.387,0.387,0.378,0.38,0.398,0.39,0.39,0.429,0.436
5412,0.275,0.284,0.303,0.231,0.267,0.269,0.366,0.342,0.404,0.455,0.409
5413,0.222,0.333,0.333,0.36,0.56,0.5,0.448,0.433,0.407,0.469,0.514
5414,0.294,0.3,0.391,0.346,0.5,0.256,0.265,0.156,0.243,0.209,0.098
5415,,,,0.278,0.359,0.242,0.241,0.241,0.296,0.28,0.231
5416,0.451,0.4,0.426,0.404,0.397,0.5,0.446,0.493,0.449,0.442,0.425
5417,0.333,0.189,0.246,0.247,0.316,0.337,0.255,0.309,0.298,0.366,0.452
5418,0.246,0.237,0.244,0.321,0.325,0.358,0.372,0.297,0.349,0.325,0.378
5419,0.517,0.5,0.508,0.455,0.423,0.384,0.455,0.446,0.457,0.415,0.457
5420,0.292,0.304,0.417,0.4,0.206,0.32,0.29,0.44,0.375,0.37,0.304
5421,0.216,0.23,0.255,0.251,0.255,0.265,0.327,0.312,0.33,0.349,0.331
5422,0.252,0.194,0.216,0.222,0.235,0.23,0.295,0.308,0.313,0.372,0.386
5423,0.25,0.281,0.317,0.339,0.308,0.314,0.425,0.422,0.357,0.438,0.313
5424,0.254,0.32,0.288,0.279,0.328,0.336,0.311,0.327,0.294,0.314,0.301
5425,,,0.241,0.265,0.358,0.233,0.429,0.344,0.367,0.436,0.438
5426,0.382,0.391,0.393,0.356,0.343,0.387,0.365,0.381,0.414,0.365,0.386
5427,0.308,0.299,0.28,0.28,0.313,0.333,0.333,0.344,0.292,0.382,0.392
5428,,,0.325,0.333,0.342,0.319,0.3,0.409,0.386,0.474,0.46
5429,0.457,0.486,0.354,0.333,0.311,0.323,0.328,0.315,0.39,0.393,0.407
5430,0.326,0.415,0.469,0.468,0.404,0.344,0.41,0.387,0.366,0.308,0.398
5432,0.464,0.519,0.533,0.533,0.571,0.64,0.6,0.435,0.478,0.56,0.444
5433,,,,0.5,0.417,0.448,0.417,0.44,0.5,0.516,0.588
5434,0.286,0.292,0.364,0.409,0.292,0.207,0.28,0.4,0.429,0.333,0.409
5435,0.344,0.4,0.429,,0.351,0.313,0.386,0.51,0.395,0.359,0.442
5436,0.333,0.363,0.363,0.265,0.338,0.286,0.3,0.288,0.277,0.313,0.356
5437,0.255,0.288,0.302,0.286,0.306,0.254,0.274,0.298,0.31,0.25,0.26
5438,0.559,0.439,0.396,0.5,0.333,0.341,0.415,0.326,0.386,0.375,0.333
5439,0.421,0.389,0.444,0.696,0.609,0.449,0.49,0.409,,0.535,0.587
5440,0.5,0.25,0.647,0.563,0.714,0.692,0.75,0.647,0.647,0.722,0.722
5441,0.25,0.136,0.257,0.24,0.244,0.27,0.298,0.31,0.333,0.324,0.359
5442,,,0.563,0.647,0.583,0.435,0.545,0.571,0.588,0.538,0.538
5443,0.375,0.243,0.368,0.5,0.375,0.476,0.463,0.405,0.487,0.526,0.467
5444,0.423,0.474,0.455,0.426,0.424,0.381,0.429,0.44,0.422,0.398,0.436
