komnr,Befolkning 2020,2012,2013,2014,2015,2016,2017,2018,2019,2020
0301,693494,58232040.0,110317543.0,90667005.0,90636706.0,74975852.0,76871497.0,80886179.0,82967060,94056805.0
1101,14811,0.0,506643.0,1288332.0,275542.0,0.0,1810900.0,0.0,0,0.0
1103,143574,45302823.0,46728314.0,42611249.0,32622111.8,24253729.0,29719190.0,29737151.0,41121404,22982000.0
1106,37357,167605.0,3886054.0,6475147.0,3765207.0,3092022.0,1960503.0,1185832.0,2280526,9991561.0
1108,79537,2912118.0,2562771.0,1058141.0,893278.0,789509.0,992188.0,4182006.0,9879238,4349987.0
1111,3280,40000.0,536000.0,93000.0,0.0,0.0,0.0,0.0,0,0.0
1112,3202,0.0,0.0,35700.0,0.0,0.0,0.0,0.0,0,0.0
1114,2787,0.0,302645.0,305608.0,510999.0,0.0,0.0,0.0,0,0.0
1119,18991,1036338.0,1204149.0,535992.0,433038.0,273405.0,49922.0,0.0,853214,394166.0
1120,19588,1493802.0,1543536.0,0.0,0.0,0.0,0.0,0.0,0,793946.0
1121,18916,1444000.0,869000.0,227000.0,0.0,0.0,110000.0,0.0,0,0.0
1122,12002,503836.0,1167081.0,151752.0,385952.0,265060.0,3130115.0,230262.0,0,0.0
1124,27153,3632596.0,6693715.0,3309841.0,2345893.0,553004.0,399699.0,1090483.0,775000,5172424.0
1127,11221,537115.94,2991513.37,4405685.69,193405.94,2250000.0,1400000.0,4800000.0,3717000,12408219.0
1130,12968,118664.5,1313648.12,1396125.19,1406851.3599999996,642647.0,1943295.0,736555.0,355500,0.0
1133,2574,0.0,0.0,0.0,0.0,0.0,0.0,887000.0,1721168,4351571.0
1134,3804,326000.0,101000.0,520000.0,425000.0,160053.0,,1485114.0,335144,900000.0
1135,4595,,,612736.0,546104.2,2715515.0,777762.0,333339.0,238268,0.0
1144,517,518402.0,67544.0,318032.0,195819.0,161152.0,387977.0,147113.0,140448,615577.66
1145,852,446148.0,1172548.0,1295030.0,1209913.0,0.0,0.0,0.0,0,0.0
1146,11065,2986002.0,1784141.0,69551.0,0.0,297240.0,0.0,0.0,0,0.0
1149,42186,0.0,0.0,0.0,0.0,0.0,0.0,0.0,0,0.0
1151,198,168608.83,0.0,0.0,0.0,0.0,0.0,0.0,0,0.0
1160,8714,2097023.55,2117785.54,246384.71,4821502.63,575858.0,5426829.0,21868579.0,4615051,5846520.0
1505,24179,10741416.24,12818085.5,14942564.33,18678453.02,12450880.0,15847248.0,10486531.0,10688000,8791450.0
1506,31967,703423.0,2723023.0,8466989.0,4384949.0,1135017.0,184753.0,676694.0,6452523,593198.0
1507,66258,5623380.0,5388916.0,7291136.0,8106960.0,28810504.0,35390817.0,37222080.0,45678642,45015109.0
1511,3117,0.0,0.0,0.0,119000.0,0.0,0.0,0.0,0,0.0
1514,2461,0.0,0.0,0.0,0.0,56148.0,7005.0,0.0,0,0.0
1515,8900,0.0,0.0,198300.0,105400.0,1282481.0,2190239.0,2130289.0,4754196,6360000.0
1516,8571,0.0,563693.0,624737.0,784557.0,0.0,0.0,0.0,0,0.0
1517,5175,0.0,0.0,0.0,0.0,0.0,0.0,0.0,0,0.0
1520,10825,3932652.8,8155849.73,7660115.33,9251551.67,9514672.0,11114448.0,12102381.0,10869692,5019204.0
1525,4523,150000.0,0.0,0.0,0.0,0.0,412819.0,842655.0,0,0.0
1528,7625,4446242.0,3978992.0,1499932.0,2960271.0,2869177.0,2034432.0,3239657.0,6468819,2837504.0
1531,9310,2644713.0,3522473.0,2237067.0,7242574.0,8572585.0,9975295.0,10791590.0,10791590,7649062.0
1532,8462,2376085.0,1678725.0,231189.0,255463.0,138942.0,1592274.0,78579.0,150983,298168.0
1535,6532,2700000.0,2800000.0,3000000.0,0.0,1600000.0,2700000.0,1482408.0,1957682,5006778.0
1539,7468,164374.0,1622709.0,594880.0,918715.0,1061000.0,3693000.0,9866481.0,5910838,1953517.54
1547,3509,843927.37,685846.89,87715.55,332628.71,108243.0,3273255.0,0.0,0,0.0
1554,5788,0.0,0.0,523000.0,0.0,42325.0,342652.0,0.0,52600,107287.0
1557,2629,630479.0,1943933.0,1374243.0,618576.0,0.0,0.0,0.0,0,0.0
1560,3025,1275716.0,938399.0,2973456.0,4613764.0,2619637.0,4918230.0,5095000.0,1465452,3337616.66
1563,7036,,,3708000.0,1625000.0,248082.0,1283536.0,838313.0,0,0.0
1566,5920,0.0,0.0,0.0,0.0,0.0,0.0,0.0,0,0.0
1573,2150,1500000.0,2200000.0,4400000.0,3400000.0,2787000.0,3368000.0,2990479.0,2148008,2990000.0
1576,3507,2516052.0,1690737.0,527293.0,604663.0,0.0,0.0,0.0,979372,4577724.0
1577,10473,2889389.0,2064742.0,1620058.0,1797018.0,0.0,659811.0,916133.0,767577,0.0
1578,2549,347292.0,704648.0,548037.0,1273318.0,2158421.0,621885.0,666702.0,1168360,1009167.0
1579,13279,0.0,0.0,0.0,91358.0,0.0,0.0,171491.0,0,0.0
1804,52357,851644.0,1095744.0,3023919.0,7022597.0,8342200.0,12980700.0,20719260.0,32399017,18517500.0
1806,21845,4434338.37,3754798.34,2706592.0200000005,3090126.2,5671435.0,14434646.0,23549130.0,23562141,19103881.0
1811,1426,0.0,0.0,0.0,0.0,0.0,0.0,0.0,0,0.0
1812,1975,,,,,0.0,0.0,0.0,0,0.0
1813,7917,2777000.0,4865000.0,2851000.0,1601000.0,153495.0,1311484.0,714091.0,0,444380.0
1815,1200,0.0,0.0,0.0,0.0,0.0,0.0,0.0,0,575560.0
1816,462,0.0,296633.0,0.0,0.0,0.0,360000.0,1160000.0,2081375,2313876.0
1818,1777,251650.0,318911.0,1345813.0,1668469.0,1150617.0,2172724.0,1417577.0,1896148,2285334.0
1820,7447,0.0,0.0,0.0,0.0,2106302.0,1016906.0,2476062.0,87066,2285334.0
1822,2294,0.0,171000.0,257400.0,460000.0,1094756.0,389081.0,765405.0,281163,0.0
1824,13278,0.0,0.0,0.0,0.0,0.0,0.0,2028775.0,1210539,0.0
1825,1482,0.0,255965.0,0.0,0.0,0.0,0.0,0.0,0,0.0
1826,1297,0.0,0.0,0.0,0.0,713543.0,656475.0,1212656.0,4101654,2425398.0
1827,1371,348000.0,578000.0,1010000.0,1510000.0,,197600.0,395313.0,188000,0.0
1828,1761,1158384.0,958668.0,0.0,248657.0,524027.0,403533.0,142329.0,1176153,1649217.0
1832,4454,160635.5,0.0,0.0,0.0,0.0,0.0,0.0,0,0.0
1833,26184,4650675.0,3070754.0,2883059.0,5210218.0,3198805.0,4993821.0,1580849.0,3000013,2452527.0
1834,1890,,64533.0,379944.0,523653.0,317375.0,498360.0,43615.0,394910,696868.0
1835,435,0.0,0.0,0.0,0.0,0.0,0.0,0.0,54151,0.0
1836,1213,0.0,0.0,413914.73,424917.3,0.0,0.0,1153653.0,149319,266415.0
1837,6288,3087548.0,4437186.0,3950833.0,2175591.0,1661214.0,1365866.0,2041000.0,2469478,446417.0
1838,1950,0.0,0.0,0.0,0.0,0.0,0.0,0.0,0,0.0
1839,1017,0.0,0.0,0.0,266028.15,2003749.0,2146115.0,480582.0,0,0.0
1840,4671,0.0,0.0,0.0,0.0,0.0,0.0,0.0,0,0.0
1841,9739,5327057.0,2798857.0,6412782.0,3690246.0,8000000.0,11500000.0,8613085.0,7482776,3645366.0
1845,1926,351215.0,968366.0,750910.0,0.0,140165.0,0.0,0.0,0,0.0
1848,2608,0.0,0.0,0.0,523287.0,1932070.0,3042430.0,3934342.0,2711461,5425856.0
1851,2034,4109681.44,3659278.38,4134925.98,6299384.7700000005,3133769.0,2912364.0,2143000.0,1626251,968219.0
1853,1348,,,,3642093.0,4814763.0,178511.0,148840.0,217065,0.0
1856,498,0.0,0.0,75562.5,76785.08,221569.0,2877.0,0.0,214221,1060962.0
1857,728,0.0,0.0,0.0,0.0,0.0,0.0,0.0,87180,0.0
1859,1272,113731.49,0.0,0.0,23000.0,0.0,0.0,614715.0,280185,0.0
1860,11433,3620594.0,3517788.0,3456272.0,2649526.0,4086481.0,3784708.0,1804861.0,2858577,2414683.0
1865,9608,528463.0,538026.0,2466720.0,3697343.0,3000000.0,3200000.0,13749118.0,7387491,13675276.0
1866,8061,58247.0,362604.0,709980.0,0.0,373258.0,1470774.0,2988155.0,2754231,12474512.01
1867,2569,0.0,0.0,0.0,0.0,0.0,1729058.0,639448.0,364056,0.0
1868,4410,0.0,0.0,0.0,0.0,0.0,175629.0,0.0,444802,909783.0
1870,10566,0.0,0.0,0.0,0.0,0.0,300820.0,546400.0,0,0.0
1871,4663,2518000.0,615000.0,0.0,0.0,0.0,0.0,0.0,431965,0.0
1874,1015,1474988.0,2676709.0,2788915.0,2665821.0,3411024.0,8453043.0,7060788.0,9367129,10189610.0
1875,2766,1257116.1,1229105.77,205996.18,381163.0,338223.0,1872313.0,1864664.0,1378459,11168882.0
3001,31373,8613604.0,17307262.0,16071666.0,19465437.0,15036495.0,8365601.0,10467274.0,3319010,18384483.0
3002,49273,18060803.0,9916620.0,8998773.0,6018689.0,7897121.0,6591678.0,3776511.0,4604806,4287747.0
3003,56732,3308900.0,2400000.0,153800.0,176000.0,1424221.0,6503944.0,1399513.0,762085,11637957.0
3004,82385,1361089.0,4545360.0,6464985.0,6509088.0,10036107.0,11273375.0,10515278.0,13433786,25456050.0
3005,101386,6395707.81,3921523.32,5895543.85,563528.1699999999,2843227.0,363456.0,524424.0,9761581,13088000.0
3006,27723,2854000.0,2493000.0,2873000.0,3538000.0,574499.0,2333139.0,5869335.0,6995974,5892215.0
3007,30641,0.0,0.0,0.0,74485.0,0.0,0.0,159030.0,0,0.0
3011,4668,932507.0,711269.0,2297627.0,4437998.0,1831402.0,4015170.0,752090.0,3589563,102429.0
3012,1325,210636.0,225964.0,0.0,0.0,0.0,0.0,0.0,0,0.0
3013,3595,2712996.0,2925266.5,2642018.4,8652643.12,5098428.0,5534530.0,1610097.0,345709,1401588.0
3014,44792,1269816.0,14311236.01,7530448.16,11854899.66,12336904.0,15862709.0,33041832.0,20165355,9022259.0
3015,3805,0.0,0.0,0.0,0.0,0.0,0.0,0.0,0,0.0
3016,8255,3455071.0,2288516.0,2009146.0,4911592.0,4402484.0,5400779.0,3555834.0,927038,2757428.0
3017,7508,2164264.0,3261577.0,1942724.0,1310444.0,4703335.0,8153261.0,3752095.0,3941391,2636052.0
3018,5736,434294.0,211400.0,1715512.0,366314.0,594329.0,59876.0,186430.0,2305312,806607.0
3019,18042,1398656.0,744593.0,1100484.0,1517276.0,2084551.0,4473317.0,5933245.0,6016664,5508347.0
3020,59288,1522266.0,5175508.45,5205469.44,3511008.56,6344000.0,17285000.0,7754542.0,6609325,7048670.0
3021,20439,8650654.22,11682158.34,10240018.07,15700984.98,5469863.0,2313087.0,2974840.0,2962066,0.0
3022,15877,3599713.0,2858133.0,6965435.0,6773604.0,8396817.0,6082755.0,8822578.0,9111103,13767689.0
3023,19616,323320.0,659405.0,474671.0,209446.0,922848.0,436705.0,1947716.0,3934639,6374269.0
3024,127731,2599000.0,11981000.0,20816000.0,21711000.0,10745820.0,17484437.0,9545039.0,8458022,50400000.0
3025,94441,12085728.0,20978395.0,12542529.0,10670252.0,10066563.0,17491901.0,23151711.0,24655312,16549000.0
3026,17390,0.0,4456000.0,4012000.0,4158000.0,5385222.0,10104070.0,11375475.0,7329148,862352.0
3027,18530,1086808.0,1612661.0,3425837.0,9922753.0,13553832.0,14737223.0,15880921.0,14895026,20555992.0
3028,11110,238959.0,134212.0,424577.0,615747.0,1190197.0,1965853.0,4706151.0,711638,4955831.0
3029,41460,376000.0,171000.0,850000.0,576000.0,512934.0,2558260.0,4595659.0,4595659,2617378.0
3030,85983,5669736.68,14367606.350000003,9980831.06,7734981.039999999,5080081.0,9637268.0,9322220.0,11816882,5680421.0
3031,24249,2225587.27,8910136.49,8466730.33,7977366.0,8126330.0,9106112.0,7019454.0,2228482,4663647.0
3032,6890,2675247.0,5566103.0,5518518.0,2574920.0,934783.0,898147.0,1681813.0,327285,1684082.0
3033,39625,3003235.65,2819624.25,2791199.46,1966857.58,1064954.0,7246813.0,9434109.0,3289685,3530961.0
3034,23092,2272606.15,8927098.97,9445747.95,5752547.35,5409715.0,9526727.0,258495.0,90162,270759.0
3035,25436,15364297.61,16201047.43,11385903.32,5878449.25,4185417.0,12369070.0,26409794.0,26422636,13608007.0
3036,14139,3069512.0,3017361.56,2560708.28,3538295.77,7198484.0,5269531.0,565218.0,692338,1526680.0
3037,2854,3622644.0,2745127.0,651238.0,3424521.0,2153551.0,905669.0,2897921.0,2859114,963743.0
3038,6799,829000.0,466000.0,231000.0,937000.0,771091.0,447137.0,0.0,0,0.0
3039,1050,832366.0,1326893.0,668312.0,303509.0,233556.0,653696.0,1057204.0,421086,781678.0
3040,3273,0.0,0.0,0.0,0.0,0.0,0.0,0.0,1781000,0.0
3041,4608,2415859.0,1589415.0,758384.0,2219670.0,3588300.0,6363000.0,4976268.0,7666512,9764694.0
3042,2486,0.0,0.0,0.0,106000.0,0.0,0.0,0.0,0,0.0
3043,4674,2912878.0,4175235.0,2674348.0,1691729.0,2314014.0,5683620.0,5839079.0,7656919,12977394.0
3044,4441,1448972.0,5923992.0,6214825.0,2636986.0,4175263.0,4721238.0,11172703.0,6355443,10393920.0
3045,3467,0.0,0.0,0.0,0.0,164027.0,243515.0,841119.0,925244,3017426.0
3046,2212,0.0,0.0,0.0,1282228.5,203575.0,0.0,216058.0,0,935677.0
3047,14115,0.0,284461.0,360984.0,491273.0,0.0,0.0,0.0,0,0.0
3048,19423,481400.0,419941.0,1544687.0,1621993.0,0.0,0.0,0.0,0,0.0
3049,26811,1267348.0,490918.0,109801.0,128465.0,0.0,0.0,0.0,0,0.0
3050,2688,1306890.0,719322.0,0.0,0.0,0.0,0.0,0.0,0,0.0
3051,1390,0.0,0.0,0.0,0.0,40000.0,48000.0,0.0,0,0.0
3052,2439,0.0,2796855.0,6142598.0,4685000.0,11083000.0,9648000.0,7081707.0,2724875,2363586.97
3053,6852,213241.0,207334.0,290527.0,252355.0,390415.0,840048.0,464659.0,198456,368048.0
3054,9048,46523.0,0.0,0.0,0.0,0.0,114372.0,592623.0,0,169743.0
3401,17829,0.0,0.0,0.0,0.0,202600.0,516400.0,3284644.0,4961541,3012167.0
3403,31369,218764.0,420915.0,111346.0,2761713.0,4439800.0,4685324.0,6192598.0,2920994,1199901.0
3405,28345,4648770.0,1352938.0,2837632.0,923827.0,3723634.0,10762519.0,41383765.0,28219296,12712381.0
3407,30560,145469.0,0.0,0.0,397532.0,337840.0,442345.0,0.0,0,0.0
3411,34768,203492.0,0.0,959821.0,422121.0,190975.0,2072042.0,2793897.0,5700000,0.0
3412,7674,,0.0,0.0,0.0,0.0,0.0,0.0,0,0.0
3413,21064,0.0,610522.0,0.0,0.0,0.0,0.0,0.0,32000,0.0
3414,5016,0.0,0.0,0.0,0.0,0.0,0.0,0.0,0,0.0
3415,7905,0.0,0.0,0.0,0.0,0.0,0.0,0.0,0,0.0
3416,6106,638883.5,623752.52,0.0,0.0,6490269.0,8709023.0,0.0,0,0.0
3417,4612,340000.0,675000.0,65000.0,508000.0,123917.0,190525.0,0.0,0,0.0
3418,7203,3876017.0,3666314.0,2511794.0,1633044.0,0.0,0.0,0.0,0,0.0
3419,3662,86492.0,386530.0,110647.0,375103.0,166000.0,55000.0,259813.0,501287,284389.0
3420,21254,27082521.420000013,29275368.250000004,33709010.96000001,34620462.02,5472086.0,6668536.0,15268996.0,12900537,9909356.0
3421,6627,2516054.0,2787152.0,2725993.0,2249524.0,1277330.71,872298.0,1580485.0,126092,15839.0
3422,4356,,,,5335941.0,3390395.0,1561311.0,0.0,0,0.0
3423,2419,1591390.0,3605001.0,2051677.0,1319937.0,2137847.0,3963389.0,2696424.0,237924,192650.0
3424,1780,753246.0,983643.0,707994.0,0.0,4720.0,889828.0,917973.0,1225698,1117000.0
3425,1268,6000.0,12000.0,0.0,0.0,223967.0,0.0,1283000.0,1400638,149063.0
3426,1562,166942.0,0.0,0.0,0.0,0.0,0.0,0.0,0,0.0
3427,5578,258000.0,763000.0,24000.0,0.0,1022416.0,628817.0,0.0,0,0.0
3428,2432,0.0,0.0,0.0,0.0,0.0,0.0,0.0,0,0.0
3429,1545,51933.0,178307.0,880903.0,0.0,948000.0,174000.0,1191172.0,303813,922991.0
3430,1891,141148.0,0.0,119048.0,0.0,0.0,0.0,485771.0,574241,817367.0
3431,2553,0.0,0.0,134385.0,155438.0,0.0,0.0,0.0,0,0.0
3432,1975,0.0,0.0,0.0,0.0,0.0,0.0,0.0,0,464341.0
3433,2197,0.0,0.0,0.0,0.0,0.0,0.0,0.0,0,0.0
3434,2228,492361.0,405807.0,281270.0,722437.0,324000.0,0.0,0.0,261902,0.0
3435,3570,50264.0,48396.0,82070.0,25713.0,0.0,0.0,0.0,0,0.0
3436,5723,435923.0,183701.0,63495.0,87646.0,0.0,0.0,130020.0,1459425,1884925.0
3437,5739,0.0,0.0,30000.0,975588.0,2095743.0,915043.0,700000.0,1205501,255987.0
3438,3119,435092.0,74166.0,736841.0,500498.0,0.0,0.0,0.0,0,0.0
3439,4392,108620.5,0.0,226236.02,987907.16,,1231665.0,0.0,0,0.0
3440,5100,739452.21,459429.9,1056465.3,539578.28,553349.0,125581.0,560493.0,1936801,0.0
3441,6106,0.0,289000.0,290000.0,2495000.0,783000.0,514000.0,0.0,0,0.0
3442,14973,3629555.0,1157844.0,778333.0,2135811.0,2467374.0,2002990.0,3664844.0,1814370,0.0
3443,13427,0.0,0.0,0.0,0.0,0.0,0.0,0.0,0,0.0
3446,13630,1415418.0,1655174.0,910051.0,603792.0,3506015.0,1051886.0,122921.0,2066730,173661.0
3447,5617,,381098.0,1042413.0,1328994.0,5531391.0,5849941.0,0.0,0,213893.0
3448,6633,0.0,0.0,0.0,0.0,0.0,0.0,0.0,0,0.0
3449,2954,0.0,112500.0,0.0,0.0,325700.0,919000.0,890140.0,283144,164700.0
3450,1279,0.0,0.0,0.0,0.0,128381.0,625922.0,0.0,0,0.0
3451,6413,5498000.0,3643000.0,4850000.0,1765089.23,5788667.0,2385635.0,3534259.0,3302727,640693.0
3452,2125,1140000.0,845000.0,341000.0,0.0,0.0,0.0,0.0,0,0.0
3453,3229,0.0,0.0,0.0,0.0,0.0,0.0,161096.0,1557974,0.0
3454,1578,46000.0,705000.0,938000.0,436000.0,272656.0,1439003.0,1523963.0,3600390,923909.0
3801,27351,7223884.0,5227161.0,8499873.0,5590872.0,2116944.0,217163.0,161087.0,1122705,815882.0
3802,24699,12332030.0,15076950.73,18663839.8,21400774.969999973,617023.0,2528000.0,2798834.0,5747867,1470000.0
3803,56293,167000.0,309870.0,385000.0,310000.0,4400000.0,4430000.0,2223000.0,0,0.0
3804,63764,105383.0,145646.0,358347.0,98536.0,,987653.0,408333.0,0,0.0
3805,47204,889481.0,337363.0,319051.0,0.0,10363.0,2652147.0,1322515.0,1645682,761528.0
3806,36397,562019.0,141886.0,0.0,236485.0,603056.0,2304351.0,5099454.0,5163786,5519174.0
3807,54942,449536.48,52308.82,0.0,0.0,0.0,0.0,12057650.0,0,1506265.0
3808,13049,,3665442.0,2848901.0,206525.0,169310.0,1322301.0,3323757.0,4392904,4840471.0
3811,26730,,,,,,2379770.0,1235033.0,681840,0.0
3812,2340,0.0,0.0,0.0,0.0,0.0,0.0,0.0,0,2716275.0
3813,14061,74000.0,11000.0,470000.0,315000.0,,479994.0,0.0,9468386,795589.0
3814,10380,270000.0,0.0,0.0,0.0,0.0,0.0,0.0,832789,303344.0
3815,4060,0.0,0.0,265100.0,0.0,0.0,118692.0,186364.0,0,0.0
3816,6515,123370.0,0.0,0.0,0.0,0.0,0.0,0.0,0,0.0
3817,10444,151464.0,402822.0,1587148.0,464070.0,237341.0,469501.0,383848.0,186956,0.0
3818,5691,0.0,163506.0,1052776.0,504215.0,709074.0,746556.0,1559046.0,873659,3565885.0
3819,1573,197002.0,120988.0,126523.0,116147.0,0.0,181949.0,20702.0,0,0.0
3820,2888,505000.0,393000.0,566000.0,701000.0,193702.0,217505.0,311821.0,0,256292.0
3821,2403,114362.0,0.0,790800.0,916731.0,163000.0,0.0,0.0,271701,896068.0
3822,1448,0.0,0.0,0.0,0.0,0.0,0.0,0.0,0,0.0
3823,1287,113000.0,0.0,0.0,0.0,298000.0,309000.0,49369.0,0,0.0
3824,2201,63000.0,0.0,0.0,246000.0,500322.0,118955.0,304565.0,2537744,1462907.0
3825,3676,0.0,0.0,1390606.0,390485.0,1187632.0,0.0,0.0,1317604,2091937.0
4201,6809,0.0,0.0,154009.0,170262.0,0.0,0.0,0.0,0,0.0
4202,23544,1295822.0,2389870.0,915691.0,3858165.0,,81468.0,5305000.0,10376203,261820.0
4203,44999,416000.0,171000.0,1524000.0,898000.0,564164.0,0.0,101730.0,0,0.0
4204,111633,5485744.0,9388180.0,10171908.0,13218375.0,16289817.0,11242453.0,7709251.0,7716631,857716.0
4205,23046,7415759.0,7692940.0,9304052.0,3845890.0,0.0,0.0,3928853.0,0,0.0
4206,9691,2523332.0,1652440.0,1348908.0,367981.0,457233.0,364178.0,2229083.0,5791066,4982008.0
4207,9028,6659311.0,1599799.0,2081484.0,5342300.0,11418438.0,12696952.0,15742709.0,17200000,11931000.0
4211,2428,229623.5,0.0,118230.0,908000.0,1123448.0,198461.0,527300.0,0,168429.0
4212,2097,2463671.0,2101839.0,649337.0,435131.0,978072.0,1683455.0,1324879.0,2399735,0.0
4213,6053,111070.0,669799.0,662882.0,532491.0,0.0,3256000.0,895890.0,2278388,489053.0
4214,5951,697806.0,576855.0,176377.0,268472.0,534991.0,525994.0,0.0,0,0.0
4215,11074,440154.0,551923.0,3539962.0,2356703.0,164251.0,22378.0,980859.0,388402,563288.0
4216,5226,344924.0,365812.0,1749110.0,682150.0,265484.0,120377.0,865208.0,2112646,1406217.0
4217,1836,0.0,0.0,0.0,0.0,0.0,165691.0,743894.0,589094,43854.0
4218,1331,0.0,0.0,0.0,0.0,0.0,0.0,0.0,0,0.0
4219,3634,0.0,0.0,0.0,0.0,0.0,0.0,0.0,0,0.0
4220,1162,436349.03,0.0,0.0,0.0,0.0,0.0,0.0,0,1010490.0
4221,1164,444187.0,1209599.0,1783951.0,0.0,0.0,0.0,5529815.0,0,4045817.0
4222,965,0.0,0.0,0.0,0.0,0.0,0.0,0.0,0,0.0
4223,14774,1091941.0,776526.0,795250.0,1095408.0,2372726.0,1606527.0,5324154.0,3190960,3754581.0
4224,932,188646.0,0.0,0.0,0.0,0.0,0.0,0.0,0,0.0
4225,10365,69242.0,160627.0,842375.0,1190906.0,2799276.0,7430160.0,7171396.0,6689000,2028030.0
4226,1680,0.0,0.0,0.0,0.0,0.0,382394.0,149217.0,264923,32615.0
4227,5987,1153408.0,1955366.0,3239739.0,1661965.0,12238.0,187460.0,415592.0,61587,0.0
4228,1822,0.0,166000.0,1055000.0,1401000.0,2031106.0,612767.0,3351206.0,0,0.0
4601,283929,34421821.42,52070709.63,76140268.47,57423514.31,41800000.0,52800000.0,39482378.0,59235963,47263402.0
4602,17207,900000.0,0.0,48000.0,3300000.0,3100000.0,2440000.0,1746684.0,3409716,954049.0
4611,4062,4143000.0,3988000.0,3493000.0,3069000.0,2246000.0,2292000.0,2415563.0,3221151,5703630.0
4612,5766,6435698.0,2624082.0,1652339.0,3753224.0,2227654.0,1571974.0,1049502.0,0,147210.0
4613,11957,917414.0,888960.0,941195.0,1371097.0,1328819.0,547625.0,558779.0,1185450,517722.0
4614,18759,936566.0,5647157.0,5763658.0,2697938.0,646090.0,668735.0,770879.0,431443,1657129.0
4615,3189,369291.08,279299.54,875200.92,65465.0,0.0,358906.0,527180.0,0,0.0
4616,2869,2501127.5300000003,3954990.29,5837830.54,5259028.220000001,4723931.0,6124293.0,11376374.0,15682803,13143116.0
4617,13071,3691341.0,2422532.0,4567613.0,10259465.0,10029000.0,4676000.0,6328248.0,5312603,19383939.0
4618,11048,6659449.52,3275147.71,2411630.0,2900067.9,1898555.0,431325.0,1380224.0,8564484,24439195.0
4619,906,114832.0,277637.0,311171.0,292468.0,214002.0,454847.0,238107.0,691496,447299.0
4620,1080,937008.09,894464.92,755149.47,418051.28,1075788.0,2158683.0,998058.0,0,0.0
4621,15740,1729323.0,950982.0,3445716.0,1727646.0,6817961.0,2638811.0,4409216.0,835000,9301194.0
4622,8457,549733.0,933153.0,2739258.0,3827636.0,5470577.0,1635541.0,1847446.0,832267,1692075.0
4623,2485,5593208.0,6861329.0,7652210.0,9368547.0,3219991.0,1380179.0,1452145.0,978752,0.0
4624,24908,1054533.0,1915144.0,4263780.0,5682901.0,1413191.0,2208005.0,3773118.0,2945688,14697521.0
4625,5236,290170.0,0.0,968043.0,0.0,0.0,0.0,0.0,0,2041000.0
4626,38316,2477189.85,1226478.37,1973355.43,2798109.35,4419231.0,1345078.0,501891.0,18692489,4766299.0
4627,29553,,226067.0,1245609.0,1564613.0,1293792.0,501253.0,1441444.0,981724,1045965.5
4628,3977,1134579.0,1163931.0,4744006.0,6021428.0,5647111.0,8332614.0,5375584.0,4474408,6558640.0
4629,388,0.0,1000532.0,1932127.0,1234770.0,563393.0,2193401.0,2080321.0,1563098,3047316.0
4630,8098,497924.0,59953.0,0.0,1421123.0,6774076.0,8010801.0,4149094.0,7518790,14240451.0
4631,29224,12693587.13,11014368.94,13263593.58,16483478.02,16600222.0,19553943.0,18568354.0,26559705,20965000.0
4632,2870,0.0,0.0,0.0,0.0,0.0,0.0,0.0,0,1307120.0
4633,548,0.0,0.0,0.0,0.0,0.0,0.0,0.0,0,0.0
4634,1691,0.0,0.0,0.0,0.0,307259.0,0.0,65815.0,0,0.0
4635,2297,0.0,0.0,0.0,209252.0,0.0,0.0,0.0,169249,396208.3
4636,802,601116.0,115073.0,1003726.0,4501.0,0.0,0.0,0.0,0,0.0
4637,1328,1190000.0,6750000.0,2210000.0,3360000.0,4054099.0,2840336.0,7536533.0,3331768,8849615.36
4638,4101,1388381.69,2173860.4,2393275.19,2529133.66,0.0,0.0,0.0,3022058,4672900.0
4639,2635,2234000.0,1924000.0,2527000.0,2959165.0,3248141.0,3677592.0,3468000.0,6518000,6552000.0
4640,11847,468984.0,506813.21,0.0,456436.69,801028.0,786702.0,500234.0,589159,7463919.0
4641,1781,0.0,2085.0,366416.0,54164.0,23520052.0,17947643.0,17306694.0,15818198,0.0
4642,2126,83846.0,406601.0,2102.0,0.0,6966359.0,7907220.0,2938094.0,0,3114389.0
4643,5193,11556162.0,18731988.0,14059468.0,16100942.0,12995170.0,13816015.0,13631483.0,18482282,17835133.0
4644,5174,0.0,128702.0,571813.0,583504.0,466571.0,523506.0,701019.0,1044593,1813077.0
4645,3011,5459445.0,4939253.0,527334.0,897577.0,0.0,0.0,672359.0,2486420,4296052.0
4646,2802,1242543.0,0.0,0.0,0.0,0.0,0.0,0.0,0,0.0
4647,22030,1005066.0,394386.0,306712.0,91949.0,310201.0,4577564.0,4307433.0,7075321,4933826.0
4648,3629,3111000.0,1671000.0,2854000.0,3220000.0,5823591.0,8653829.0,13543700.0,6556375,15509791.0
4649,9457,0.0,0.0,0.0,2871000.0,4739946.0,9233000.0,3051235.0,2541500,2397738.0
4650,5854,1036144.0,951027.0,407695.0,356179.0,62013.0,53803.0,1431530.0,398982,0.0
4651,7130,153611.17,465805.76,1529236.76,696003.99,4610867.0,2478883.0,1842000.0,2978286,3239396.0
5001,205163,13093102.0,34936523.0,40571673.0,33466889.0,34753388.0,33004337.0,13430290.0,46357171,48955201.0
5006,24357,838871.0,1548291.0,1067529.0,2129702.0,1877974.0,1709629.0,1944492.0,2704785,1498952.0
5007,15230,0.0,585624.0,0.0,286555.0,1265971.0,1699349.0,2128288.0,2689159,4011955.0
5014,5151,0.0,589380.0,134850.0,3986990.0,4843322.0,3474788.0,4336384.0,2752534,4207057.0
5020,948,0.0,0.0,0.0,0.0,0.0,390095.0,879264.0,547237,473886.0
5021,7001,1235988.0,1401981.0,2707954.0,1603058.0,1663826.0,4570689.0,2608124.0,3835421,3242652.0
5022,2486,122176.15,72316.25,0.0,0.0,0.0,102394.0,0.0,430149,8935000.0
5025,5581,238554.04,319474.81000000006,0.0,0.0,0.0,0.0,0.0,0,0.0
5026,1981,0.0,0.0,0.0,0.0,0.0,0.0,0.0,0,0.0
5027,6238,281071.0,0.0,892245.29,436895.08,604192.0,622716.0,1145990.0,1579875,0.0
5028,16733,0.0,105837.0,0.0,320648.0,0.0,0.0,0.0,778588,404414.0
5029,8325,0.0,0.0,0.0,0.0,78525.0,268467.0,0.0,0,0.0
5031,14148,0.0,1325548.92,278620.16000000003,3151435.2199999997,,1422329.0,14070798.0,2023322,221132.0
5032,4062,0.0,529418.91,95675.0,328630.46,769174.0,843915.0,1486377.0,764844,585731.0
5033,769,5685.0,2767.0,137460.0,130270.0,535880.0,398408.0,1691000.0,1253606,2132000.0
5034,2422,0.0,0.0,0.0,280687.0,292300.0,156412.0,188885.0,517247,2244142.0
5035,24145,123176.0,205797.0,257595.0,302469.0,198313.0,114233.0,0.0,0,0.0
5036,2627,0.0,0.0,0.0,0.0,0.0,0.0,0.0,0,0.0
5037,20164,0.0,0.0,0.0,0.0,0.0,0.0,0.0,609740,5561147.0
5038,14948,0.0,0.0,0.0,0.0,0.0,0.0,0.0,314271,0.0
5041,2063,100000.0,100000.0,100000.0,100000.0,0.0,0.0,0.0,0,0.0
5042,1355,0.0,0.0,0.0,0.0,0.0,421480.0,0.0,265875,696474.0
5043,461,70206.0,751672.0,154639.6,608.0,712013.0,0.0,0.0,0,0.0
5044,843,225920.0,166317.0,0.0,0.0,478471.0,0.0,0.0,1651555,305103.0
5045,2359,0.0,0.0,0.0,0.0,1091867.0,1041761.0,545692.0,107423,544098.0
5046,1231,0.0,0.0,0.0,0.0,0.0,194972.0,416527.0,312179,0.0
5047,3884,0.0,0.0,0.0,0.0,0.0,0.0,0.0,0,0.0
5049,1103,0.0,0.0,0.0,0.0,258604.0,1157489.0,1701001.0,1150000,1385000.0
5052,557,60000.0,163000.0,9500.0,0.0,0.0,0.0,0.0,0,0.0
5053,6816,439000.0,873000.0,1130000.0,234000.0,0.0,0.0,121768.0,0,0.0
5054,10084,0.0,0.0,0.0,0.0,0.0,0.0,932620.0,9256693,1957619.0
5055,5963,476243.0,997292.0,269881.0,1606317.0,1789347.0,1392308.0,3097534.0,2042168,1460106.0
5056,5050,0.0,0.0,0.0,842000.0,,663244.0,2320.0,523840,35000.0
5057,10323,101982.0,0.0,0.0,701124.0,0.0,2050247.0,1382062.0,0,0.0
5058,4288,0.0,0.0,0.0,0.0,0.0,0.0,2151686.0,3042255,3119410.0
5059,18217,0.0,0.0,61691.0,275000.0,810654.0,4511135.0,4350151.0,2339243,7584505.0
5060,9623,55939.05,2987.149999999994,652409.32,238664.18000000005,1158575.0,0.0,54194.0,3060509,0.0
5061,2003,0.0,0.0,0.0,0.0,0.0,0.0,0.0,0,0.0
5401,76974,9310088.96,11617443.4,9456453.51,23234513.44,24984168.0,22981408.0,50195532.0,32298088,24718029.0
5402,24703,,,596038.0,1431578.0,1316265.0,1753506.0,2120236.0,2443552,1634866.0
5403,20789,3552000.0,7572000.0,10514000.0,6911000.0,5424591.0,7762700.0,4897980.0,4942788,4349987.0
5404,2029,,,3728863.0,2054502.0,1102481.0,2364481.0,1837756.0,589651,0.0
5405,5788,,,2705963.0,5626747.0,10059664.0,12160876.0,6916469.0,6658118,2537711.0
5406,11448,8241967.0,3930670.0,1267400.0,3022561.0,13542971.0,26194247.0,19252564.0,13476616,30972805.0
5411,2839,0.0,0.0,0.0,12440.0,144179.0,159232.0,0.0,0,0.0
5412,4216,0.0,95776.0,853127.0,517679.0,0.0,324803.0,784102.0,213492,637248.0
5413,1361,,,435438.0,151000.0,226313.0,0.0,0.0,0,0.0
5414,1091,0.0,138973.0,0.0,135263.0,2110067.0,257052.0,87558.0,260550,0.0
5415,1034,,,,,524055.0,1350747.0,,1161268,
5416,4005,0.0,489802.01,4793.55,0.0,,7355513.0,1134453.0,4332293,25588.0
5417,2146,4247295.0,4679588.0,6137589.54,4937765.0,8145704.0,9114797.0,521306.0,11470172,1456103.0
5418,6640,,3460578.2900000005,962645.19,988000.0,535257.0,1019495.0,2098675.0,5790305,10282028.0
5419,3464,353541.0,471272.0,3215340.0,5368996.09,0.0,0.0,4219648.0,0,0.0
5420,1083,2000.0,0.0,0.0,0.0,0.0,0.0,0.0,0,0.0
5421,14851,2979823.17,2601452.0,2413019.0,4745348.12,2771023.0,0.0,1991471.0,2954677,324341.0
5422,5559,59348.0,0.0,0.0,0.0,309626.0,466535.0,2825032.0,5193482,8026711.0
5423,2200,,,103065.0,374537.0,331817.0,583332.0,460676.0,561164,610918.0
5424,2794,20000.0,7000.0,25200.0,7400.0,0.0,11000.0,325130.0,0,0.0
5425,1829,0.0,0.0,0.0,0.0,5013844.0,5090910.0,70000.0,145144,0.0
5426,2071,1574720.0,280196.92,712080.0,5354139.0,4014207.0,2217475.0,359244.0,1029037,772396.0
5427,2927,0.0,0.0,0.0,10000.0,652300.0,408000.0,569396.0,1312556,3189094.0
5428,4861,0.0,0.0,0.0,620000.0,706027.0,1986092.0,916225.0,3210062,976523.0
5429,1191,132679.0,108219.0,688375.0,538235.0,506297.0,1288855.0,1532862.0,2741123,3041409.0
5430,2910,,,,,0.0,212223.0,909953.0,1344854,1080922.0
5432,888,396108.0,829022.0,0.0,0.0,342067.0,0.0,2305725.0,3026580,752743.0
5433,1005,,94000.0,192195.0,0.0,200320.0,460537.0,3683874.0,604886,5033246.0
5434,1225,497533.0,534570.95,1364264.27,972285.42,361077.0,1982003.0,91230.0,0,0.0
5435,3162,,10432.0,634512.0,0.0,398348.0,193351.0,0.0,343522,91128.0
5436,3998,0.0,0.0,0.0,0.0,147715.0,147830.0,27905.0,0,0.0
5437,2628,1258896.0,2265488.0,2061947.0,1754833.0,702636.82,5943447.0,1735867.0,936603,1867280.67
5438,1290,0.0,0.0,0.0,0.0,0.0,0.0,0.0,0,0.0
5439,1132,0.0,0.0,0.0,0.0,1061455.0,346798.0,1665546.0,1774620,4480584.0
5440,957,888430.0,290573.0,403351.0,133563.0,946323.0,482033.0,1583680.0,2587094,647152.0
5441,2918,0.0,0.0,0.0,0.0,0.0,0.0,0.0,110000,110536.0
5442,926,0.0,0.0,208000.0,0.0,0.0,0.0,0.0,0,0.0
5443,2221,,,0.0,0.0,60770.0,441092.0,422099.0,0,0.0
5444,10158,5740934.0,14136197.0,13619077.0,13420000.0,6737000.0,8208000.0,4542218.0,9261295,13519442.0
